64507M15;64507M15_Cell_015015.zip
64507M30;64507M30_Cell_015109.zip
64507M45;64507M45_Cell_015127.zip
64507N15;64507N15_Cell_015351.zip
64507N30;64507N30_Cell_015444.zip
64507N45;64507N45_Cell_015503.zip
64507W15;64507W15_Cell_015204.zip
64507W30;64507W30_Cell_015258.zip
64507W45;64507W45_Cell_015316.zip
64508M15;64508M15_Cell_014957.zip
64508M30;64508M30_Cell_015033.zip
64508M45;64508M45_Cell_015051.zip
64508N15;64508N15_Cell_015333.zip
64508N30;64508N30_Cell_015409.zip
64508N45;64508N45_Cell_015427.zip
64508W15;64508W15_Cell_015146.zip
64508W30;64508W30_Cell_015222.zip
64508W45;64508W45_Cell_015241.zip
64509M15;64509M15_Cell_021125.zip
64509M30;64509M30_Cell_021200.zip
64509M45;64509M45_Cell_021219.zip
64509N15;64509N15_Cell_021501.zip
64509N30;64509N30_Cell_021537.zip
64509N45;64509N45_Cell_021554.zip
64509W15;64509W15_Cell_021313.zip
64509W30;64509W30_Cell_021349.zip
64509W45;64509W45_Cell_021407.zip
64510M15;64510M15_Cell_021143.zip
64510M30;64510M30_Cell_021237.zip
64510M45;64510M45_Cell_021254.zip
64510N15;64510N15_Cell_021518.zip
64510N30;64510N30_Cell_021611.zip
64510N45;64510N45_Cell_021629.zip
64510W15;64510W15_Cell_021331.zip
64510W30;64510W30_Cell_021425.zip
64510W45;64510W45_Cell_021443.zip
64526M15;64526M15_Cell_015520.zip
64526M30;64526M30_Cell_015557.zip
64526M45;64526M45_Cell_015617.zip
64526N15;64526N15_Cell_015859.zip
64526N30;64526N30_Cell_015935.zip
64526N45;64526N45_Cell_015952.zip
64526W15;64526W15_Cell_015711.zip
64526W30;64526W30_Cell_015747.zip
64526W45;64526W45_Cell_015806.zip
64527M15;64527M15_Cell_015539.zip
64527M30;64527M30_Cell_015636.zip
64527M45;64527M45_Cell_015653.zip
64527N15;64527N15_Cell_015917.zip
64527N30;64527N30_Cell_020010.zip
64527N45;64527N45_Cell_020027.zip
64527W15;64527W15_Cell_015729.zip
64527W30;64527W30_Cell_015823.zip
64527W45;64527W45_Cell_015841.zip
64540M15;64540M15_Cell_020045.zip
64540M30;64540M30_Cell_020121.zip
64540M45;64540M45_Cell_020138.zip
64540N15;64540N15_Cell_020419.zip
64540N30;64540N30_Cell_020455.zip
64540N45;64540N45_Cell_020512.zip
64540W15;64540W15_Cell_020231.zip
64540W30;64540W30_Cell_020308.zip
64540W45;64540W45_Cell_020326.zip
64541M15;64541M15_Cell_020103.zip
64541M30;64541M30_Cell_020156.zip
64541M45;64541M45_Cell_020213.zip
64541N15;64541N15_Cell_020437.zip
64541N30;64541N30_Cell_020531.zip
64541N45;64541N45_Cell_020547.zip
64541W15;64541W15_Cell_020250.zip
64541W30;64541W30_Cell_020344.zip
64541W45;64541W45_Cell_020401.zip
64542M15;64542M15_Cell_020606.zip
64542M30;64542M30_Cell_020641.zip
64542M45;64542M45_Cell_020658.zip
64542N15;64542N15_Cell_020937.zip
64542N30;64542N30_Cell_021013.zip
64542N45;64542N45_Cell_021030.zip
64542W15;64542W15_Cell_020751.zip
64542W30;64542W30_Cell_020827.zip
64542W45;64542W45_Cell_020844.zip
64543M15;64543M15_Cell_020623.zip
64543M30;64543M30_Cell_020716.zip
64543M45;64543M45_Cell_020734.zip
64543N15;64543N15_Cell_020954.zip
64543N30;64543N30_Cell_021049.zip
64543N45;64543N45_Cell_021107.zip
64543W15;64543W15_Cell_020809.zip
64543W30;64543W30_Cell_020902.zip
64543W45;64543W45_Cell_020919.zip
64544M15;64544M15_Cell_021705.zip
64544M30;64544M30_Cell_021759.zip
64544M45;64544M45_Cell_021817.zip
64544N15;64544N15_Cell_022041.zip
64544N30;64544N30_Cell_022135.zip
64544N45;64544N45_Cell_022152.zip
64544W15;64544W15_Cell_021854.zip
64544W30;64544W30_Cell_021946.zip
64544W45;64544W45_Cell_022004.zip
64545M15;64545M15_Cell_021647.zip
64545M30;64545M30_Cell_021723.zip
64545M45;64545M45_Cell_021741.zip
64545N15;64545N15_Cell_022022.zip
64545N30;64545N30_Cell_022059.zip
64545N45;64545N45_Cell_022117.zip
64545W15;64545W15_Cell_021836.zip
64545W30;64545W30_Cell_021911.zip
64545W45;64545W45_Cell_021928.zip
65190M15;65190M15_Cell_C_022236.zip
65190M30;65190M30_Cell_C_022328.zip
65190M45;65190M45_Cell_C_022345.zip
65190N15;65190N15_Cell_C_022605.zip
65190N30;65190N30_Cell_C_022657.zip
65190N45;65190N45_Cell_C_022714.zip
65190W15;65190W15_Cell_C_022420.zip
65190W30;65190W30_Cell_C_022513.zip
65190W45;65190W45_Cell_C_022531.zip
65191M15;65191M15_Cell_C_022219.zip
65191M30;65191M30_Cell_C_022253.zip
65191M45;65191M45_Cell_C_022311.zip
65191N15;65191N15_Cell_C_022549.zip
65191N30;65191N30_Cell_C_022623.zip
65191N45;65191N45_Cell_C_022639.zip
65191W15;65191W15_Cell_C_022403.zip
65191W30;65191W30_Cell_C_022438.zip
65191W45;65191W45_Cell_C_022456.zip
65192M15;65192M15_Cell_C_022748.zip
65192M30;65192M30_Cell_C_022839.zip
65192M45;65192M45_Cell_C_022856.zip
65192N15;65192N15_Cell_C_023115.zip
65192N30;65192N30_Cell_C_023207.zip
65192N45;65192N45_Cell_C_023224.zip
65192W15;65192W15_Cell_C_022931.zip
65192W30;65192W30_Cell_C_023023.zip
65192W45;65192W45_Cell_C_023041.zip
65193M15;65193M15_Cell_C_022731.zip
65193M30;65193M30_Cell_C_022805.zip
65193M45;65193M45_Cell_C_022823.zip
65193N15;65193N15_Cell_C_023058.zip
65193N30;65193N30_Cell_C_023132.zip
65193N45;65193N45_Cell_C_023149.zip
65193W15;65193W15_Cell_C_022914.zip
65193W30;65193W30_Cell_C_022948.zip
65193W45;65193W45_Cell_C_023005.zip
81987M85;81987M85_Pound Focus_024859.zip
81987N85;81987N85_Pound Focus_025011.zip
81987W85;81987W85_Pound Focus_024935.zip
81988M85;81988M85_Pound Focus_024917.zip
81988N85;81988N85_Pound Focus_025029.zip
81988W85;81988W85_Pound Focus_024953.zip
81989M85;81989M85_Pound Focus_025941.zip
81989N85;81989N85_Pound Focus_030052.zip
81989W85;81989W85_Pound Focus_030017.zip
81990M85;81990M85_Pound Focus_025959.zip
81990N85;81990N85_Pound Focus_030110.zip
81990W85;81990W85_Pound Focus_030034.zip
81991M85;81991M85_Pound Focus_031207.zip
81991N85;81991N85_Pound Focus_031318.zip
81991W85;81991W85_Pound Focus_031242.zip
81992M85;81992M85_Pound Focus_031224.zip
81992N85;81992N85_Pound Focus_031336.zip
81992W85;81992W85_Pound Focus_031300.zip
82071M66;82071M66_Pound Shaper_033526.zip
82071N66;82071N66_Pound Shaper_033640.zip
82071W66;82071W66_Pound Shaper_033603.zip
82072M66;82072M66_Pound Shaper_033338.zip
82072N66;82072N66_Pound Shaper_033450.zip
82072W66;82072W66_Pound Shaper_033414.zip
82073M66;82073M66_Pound Shaper_032256.zip
82073N66;82073N66_Pound Shaper_032406.zip
82073W66;82073W66_Pound Shaper_032331.zip
82074M66;82074M66_Pound Shaper_032441.zip
82074N66;82074N66_Pound Shaper_032552.zip
82074W66;82074W66_Pound Shaper_032517.zip
82105M85;82105M85_Pound Focus_024528.zip
82105N85;82105N85_Pound Focus_024638.zip
82105W85;82105W85_Pound Focus_024603.zip
82106M85;82106M85_Pound Focus_024546.zip
82106N85;82106N85_Pound Focus_024655.zip
82106W85;82106W85_Pound Focus_024620.zip
82107M85;82107M85_Pound Focus_025609.zip
82107N85;82107N85_Pound Focus_025720.zip
82107W85;82107W85_Pound Focus_025644.zip
82108M85;82108M85_Pound Focus_025626.zip
82108N85;82108N85_Pound Focus_025738.zip
82108W85;82108W85_Pound Focus_025703.zip
82109M85;82109M85_Pound Focus_030834.zip
82109N85;82109N85_Pound Focus_030944.zip
82109W85;82109W85_Pound Focus_030909.zip
82110M85;82110M85_Pound Focus_030852.zip
82110N85;82110N85_Pound Focus_031003.zip
82110W85;82110W85_Pound Focus_030927.zip
82113M66;82113M66_Pound Shaper_033545.zip
82113N66;82113N66_Pound Shaper_033659.zip
82113W66;82113W66_Pound Shaper_033621.zip
82114M66;82114M66_Pound Shaper_033355.zip
82114N66;82114N66_Pound Shaper_033508.zip
82114W66;82114W66_Pound Shaper_033431.zip
82115M66;82115M66_Pound Shaper_032313.zip
82115N66;82115N66_Pound Shaper_032424.zip
82115W66;82115W66_Pound Shaper_032349.zip
82116M66;82116M66_Pound Shaper_032459.zip
82116N66;82116N66_Pound Shaper_032609.zip
82116W66;82116W66_Pound Shaper_032535.zip
82117M66;82117M66_Pound Shaper_032110.zip
82117N66;82117N66_Pound Shaper_032221.zip
82117W66;82117W66_Pound Shaper_032146.zip
82118M66;82118M66_Pound Shaper_032128.zip
82118N66;82118N66_Pound Shaper_032239.zip
82118W66;82118W66_Pound Shaper_032203.zip
82119M66;82119M66_Pound Shaper_033151.zip
82119N66;82119N66_Pound Shaper_033302.zip
82119W66;82119W66_Pound Shaper_033226.zip
82120M66;82120M66_Pound Shaper_033209.zip
82120N66;82120N66_Pound Shaper_033320.zip
82120W66;82120W66_Pound Shaper_033244.zip
82121M66;82121M66_Pound Shaper_033002.zip
82121N66;82121N66_Pound Shaper_033115.zip
82121W66;82121W66_Pound Shaper_033038.zip
82122M66;82122M66_Pound Shaper_033020.zip
82122N66;82122N66_Pound Shaper_033133.zip
82122W66;82122W66_Pound Shaper_033056.zip
82353M15;82353M15_Pound_BC_033727.zip
82353M30;82353M30_Pound_BC_033803.zip
82353M60;82353M60_Pound_BC_033840.zip
82353N15;82353N15_Pound_BC_034103.zip
82353N30;82353N30_Pound_BC_034140.zip
82353N60;82353N60_Pound_BC_034215.zip
82353W15;82353W15_Pound_BC_033916.zip
82353W30;82353W30_Pound_BC_033953.zip
82353W60;82353W60_Pound_BC_034028.zip
82354M15;82354M15_Pound_BC_033745.zip
82354M30;82354M30_Pound_BC_033821.zip
82354M60;82354M60_Pound_BC_033857.zip
82354N15;82354N15_Pound_BC_034121.zip
82354N30;82354N30_Pound_BC_034158.zip
82354N60;82354N60_Pound_BC_034233.zip
82354W15;82354W15_Pound_BC_033934.zip
82354W30;82354W30_Pound_BC_034010.zip
82354W60;82354W60_Pound_BC_034046.zip
82355M15;82355M15_Pound_BC_034252.zip
82355M30;82355M30_Pound_BC_034328.zip
82355M60;82355M60_Pound_BC_034404.zip
82355N15;82355N15_Pound_BC_034627.zip
82355N30;82355N30_Pound_BC_034703.zip
82355N60;82355N60_Pound_BC_034738.zip
82355W15;82355W15_Pound_BC_034439.zip
82355W30;82355W30_Pound_BC_034515.zip
82355W60;82355W60_Pound_BC_034551.zip
82356M15;82356M15_Pound_BC_034310.zip
82356M30;82356M30_Pound_BC_034346.zip
82356M60;82356M60_Pound_BC_034421.zip
82356N15;82356N15_Pound_BC_034644.zip
82356N30;82356N30_Pound_BC_034721.zip
82356N60;82356N60_Pound_BC_034756.zip
82356W15;82356W15_Pound_BC_034457.zip
82356W30;82356W30_Pound_BC_034534.zip
82356W60;82356W60_Pound_BC_034609.zip
82357M15;82357M15_Pound_BC_034813.zip
82357M30;82357M30_Pound_BC_034850.zip
82357M60;82357M60_Pound_BC_034927.zip
82357N15;82357N15_Pound_BC_035150.zip
82357N30;82357N30_Pound_BC_035225.zip
82357N60;82357N60_Pound_BC_035302.zip
82357W15;82357W15_Pound_BC_035001.zip
82357W30;82357W30_Pound_BC_035037.zip
82357W60;82357W60_Pound_BC_035114.zip
82358M15;82358M15_Pound_BC_034832.zip
82358M30;82358M30_Pound_BC_034908.zip
82358M60;82358M60_Pound_BC_034944.zip
82358N15;82358N15_Pound_BC_035208.zip
82358N30;82358N30_Pound_BC_035244.zip
82358N60;82358N60_Pound_BC_035320.zip
82358W15;82358W15_Pound_BC_035019.zip
82358W30;82358W30_Pound_BC_035056.zip
82358W60;82358W60_Pound_BC_035132.zip
82359M15;82359M15_Pound_BS_035902.zip
82359M30;82359M30_Pound_BS_035934.zip
82359M60;82359M60_Pound_BS_040007.zip
82359N15;82359N15_Pound_BS_040217.zip
82359N30;82359N30_Pound_BS_040249.zip
82359N60;82359N60_Pound_BS_040322.zip
82359W15;82359W15_Pound_BS_040039.zip
82359W30;82359W30_Pound_BS_040112.zip
82359W60;82359W60_Pound_BS_040145.zip
82360M15;82360M15_Pound_BS_035918.zip
82360M30;82360M30_Pound_BS_035950.zip
82360M60;82360M60_Pound_BS_040023.zip
82360N15;82360N15_Pound_BS_040233.zip
82360N30;82360N30_Pound_BS_040306.zip
82360N60;82360N60_Pound_BS_040338.zip
82360W15;82360W15_Pound_BS_040055.zip
82360W30;82360W30_Pound_BS_040128.zip
82360W60;82360W60_Pound_BS_040201.zip
82361M15;82361M15_Pound_BS_040356.zip
82361M30;82361M30_Pound_BS_040428.zip
82361M60;82361M60_Pound_BS_040501.zip
82361N15;82361N15_Pound_BS_040711.zip
82361N30;82361N30_Pound_BS_040744.zip
82361N60;82361N60_Pound_BS_040816.zip
82361W15;82361W15_Pound_BS_040534.zip
82361W30;82361W30_Pound_BS_040606.zip
82361W60;82361W60_Pound_BS_040639.zip
82362M15;82362M15_Pound_BS_040412.zip
82362M30;82362M30_Pound_BS_040445.zip
82362M60;82362M60_Pound_BS_040517.zip
82362N15;82362N15_Pound_BS_040727.zip
82362N30;82362N30_Pound_BS_040800.zip
82362N60;82362N60_Pound_BS_040833.zip
82362W15;82362W15_Pound_BS_040550.zip
82362W30;82362W30_Pound_BS_040622.zip
82362W60;82362W60_Pound_BS_040655.zip
82365M15;82365M15_Pound_BS_035348.zip
82365M30;82365M30_Pound_BS_035425.zip
82365M60;82365M60_Pound_BS_035502.zip
82365N15;82365N15_Pound_BS_035724.zip
82365N30;82365N30_Pound_BS_035756.zip
82365N60;82365N60_Pound_BS_035829.zip
82365W15;82365W15_Pound_BS_035538.zip
82365W30;82365W30_Pound_BS_035615.zip
82365W60;82365W60_Pound_BS_035651.zip
82366M15;82366M15_Pound_BS_035407.zip
82366M30;82366M30_Pound_BS_035443.zip
82366M60;82366M60_Pound_BS_035520.zip
82366N15;82366N15_Pound_BS_035740.zip
82366N30;82366N30_Pound_BS_035813.zip
82366N60;82366N60_Pound_BS_035845.zip
82366W15;82366W15_Pound_BS_035557.zip
82366W30;82366W30_Pound_BS_035634.zip
82366W60;82366W60_Pound_BS_035707.zip
82367M15;82367M15_Pound_BS_040849.zip
82367M30;82367M30_Pound_BS_040921.zip
82367M60;82367M60_Pound_BS_040954.zip
82367N15;82367N15_Pound_BS_041205.zip
82367N30;82367N30_Pound_BS_041237.zip
82367W15;82367W15_Pound_BS_041026.zip
82367W30;82367W30_Pound_BS_041059.zip
82367W60;82367W60_Pound_BS_041131.zip
82368M15;82368M15_Pound_BS_040905.zip
82368M30;82368M30_Pound_BS_040938.zip
82368M60;82368M60_Pound_BS_041010.zip
82368N15;82368N15_Pound_BS_041221.zip
82368W15;82368W15_Pound_BS_041043.zip
82368W30;82368W30_Pound_BS_041115.zip
82368W60;82368W60_Pound_BS_041148.zip
82422M85;82422M85_Pound Focus_024712.zip
82422N85;82422N85_Pound Focus_024824.zip
82422W85;82422W85_Pound Focus_024748.zip
82423M85;82423M85_Pound Focus_024731.zip
82423N85;82423N85_Pound Focus_024841.zip
82423W85;82423W85_Pound Focus_024806.zip
82438M85;82438M85_Pound Focus_025756.zip
82438N85;82438N85_Pound Focus_025905.zip
82438W85;82438W85_Pound Focus_025830.zip
82439M85;82439M85_Pound Focus_025813.zip
82439N85;82439N85_Pound Focus_025923.zip
82439W85;82439W85_Pound Focus_025848.zip
82440M85;82440M85_Pound Focus_031020.zip
82440N85;82440N85_Pound Focus_031131.zip
82440W85;82440W85_Pound Focus_031056.zip
82441M85;82441M85_Pound Focus_031038.zip
82441N85;82441N85_Pound Focus_031149.zip
82441W85;82441W85_Pound Focus_031113.zip
82444M85;82444M85_Pound Focus_024342.zip
82444N85;82444N85_Pound Focus_024452.zip
82444W85;82444W85_Pound Focus_024417.zip
82445M85;82445M85_Pound Focus_024400.zip
82445N85;82445N85_Pound Focus_024510.zip
82445W85;82445W85_Pound Focus_024435.zip
82446M85;82446M85_Pound Focus_025422.zip
82446N85;82446N85_Pound Focus_025533.zip
82446W85;82446W85_Pound Focus_025457.zip
82447M85;82447M85_Pound Focus_025439.zip
82447N85;82447N85_Pound Focus_025551.zip
82447W85;82447W85_Pound Focus_025515.zip
82448M85;82448M85_Pound Focus_030649.zip
82448N85;82448N85_Pound Focus_030800.zip
82448W85;82448W85_Pound Focus_030724.zip
82449M85;82449M85_Pound Focus_030707.zip
82449N85;82449N85_Pound Focus_030818.zip
82449W85;82449W85_Pound Focus_030742.zip
82465M66;82465M66_Pound Shaper_031921.zip
82465N66;82465N66_Pound Shaper_032034.zip
82465W66;82465W66_Pound Shaper_031958.zip
82466M66;82466M66_Pound Shaper_031939.zip
82466N66;82466N66_Pound Shaper_032052.zip
82466W66;82466W66_Pound Shaper_032016.zip
82600M07;82600M07_Cell_Ww_023622.zip
82600N07;82600N07_Cell_Ww_023732.zip
82600W07;82600W07_Cell_Ww_023656.zip
82601M07;82601M07_Cell_Ww_023806.zip
82601N07;82601N07_Cell_Ww_023917.zip
82601W07;82601W07_Cell_Ww_023841.zip
82602M07;82602M07_Cell_Ww_023953.zip
82602N07;82602N07_Cell_Ww_024100.zip
82602W07;82602W07_Cell_Ww_024027.zip
82603M07;82603M07_Cell_SWw_023307.zip
82603N07;82603N07_Cell_SWw_023415.zip
82603W07;82603W07_Cell_SWw_023340.zip
82604M07;82604M07_Cell_SWw_023250.zip
82604N07;82604N07_Cell_SWw_023358.zip
82604W07;82604W07_Cell_SWw_023323.zip
82605M07;82605M07_Cell_SWw_023432.zip
82605N07;82605N07_Cell_SWw_023540.zip
82605W07;82605W07_Cell_SWw_023506.zip
82606M07;82606M07_Cell_SWw_023449.zip
82606N07;82606N07_Cell_SWw_023557.zip
82606W07;82606W07_Cell_SWw_023524.zip
82940M07;82940M07_Cell_Ww_023639.zip
82940N07;82940N07_Cell_Ww_023749.zip
82940W07;82940W07_Cell_Ww_023714.zip
82941M07;82941M07_Cell_Ww_023824.zip
82941N07;82941N07_Cell_Ww_023935.zip
82941W07;82941W07_Cell_Ww_023859.zip
82942M07;82942M07_Cell_Ww_024010.zip
82942N07;82942N07_Cell_Ww_024118.zip
82942W07;82942W07_Cell_Ww_024044.zip
83660U12;83660U12_Edith 2 UV-C Recessed_010448.zip
83661U12;83661U12_Edith 2 UV-C Recessed_010505.zip
83662U12;83662U12_Edith 3 UV-C Recessed_010528.zip
83663U12;83663U12_Edith 3 UV-C Recessed_010545.zip
83664U12;83664U12_Edith UV-C Ceiling_014832.zip
83665U12;83665U12_Edith UV-C Ceiling_014848.zip
83666U12;83666U12_Edith PL UV-C Ceiling_013320.zip
83667U12;83667U12_Edith PL UV-C Ceiling_013337.zip
83668U12;83668U12_Edith UV-C Ceiling_014905.zip
83669U12;83669U12_Edith UV-C Ceiling_014922.zip
83827M85;83827M85_Pound Focus_025046.zip
83827N85;83827N85_Pound Focus_025157.zip
83827W85;83827W85_Pound Focus_025122.zip
83828M85;83828M85_Pound Focus_025105.zip
83828N85;83828N85_Pound Focus_025214.zip
83828W85;83828W85_Pound Focus_025140.zip
83829M85;83829M85_Pound Focus_025232.zip
83829N85;83829N85_Pound Focus_025344.zip
83829W85;83829W85_Pound Focus_025309.zip
83830M85;83830M85_Pound Focus_025251.zip
83830N85;83830N85_Pound Focus_025403.zip
83830W85;83830W85_Pound Focus_025326.zip
83831M85;83831M85_Pound Focus_030127.zip
83831N85;83831N85_Pound Focus_030239.zip
83831W85;83831W85_Pound Focus_030203.zip
83832M85;83832M85_Pound Focus_030145.zip
83832N85;83832N85_Pound Focus_030257.zip
83832W85;83832W85_Pound Focus_030221.zip
83833M85;83833M85_Pound Focus_030315.zip
83833N85;83833N85_Pound Focus_030426.zip
83833W85;83833W85_Pound Focus_030351.zip
83834M85;83834M85_Pound Focus_030333.zip
83834N85;83834N85_Pound Focus_030444.zip
83834W85;83834W85_Pound Focus_030408.zip
83835M85;83835M85_Pound Focus_031353.zip
83835N85;83835N85_Pound Focus_031502.zip
83835W85;83835W85_Pound Focus_031428.zip
83836M85;83836M85_Pound Focus_031410.zip
83836N85;83836N85_Pound Focus_031519.zip
83836W85;83836W85_Pound Focus_031445.zip
83839M85;83839M85_Pound Focus_030502.zip
83839N85;83839N85_Pound Focus_030612.zip
83839W85;83839W85_Pound Focus_030537.zip
83840M85;83840M85_Pound Focus_030519.zip
83840N85;83840N85_Pound Focus_030630.zip
83840W85;83840W85_Pound Focus_030554.zip
83893M07;83893M07_Cell_Ww Track_024158.zip
83893N07;83893N07_Cell_Ww Track_024307.zip
83893W07;83893W07_Cell_Ww Track_024232.zip
83894M07;83894M07_Cell_Ww Track_024140.zip
83894N07;83894N07_Cell_Ww Track_024249.zip
83894W07;83894W07_Cell_Ww Track_024215.zip
83895M66;83895M66_Pound Shaper_031547.zip
83895N66;83895N66_Pound Shaper_031658.zip
83895W66;83895W66_Pound Shaper_031623.zip
83896M66;83896M66_Pound Shaper_031606.zip
83896N66;83896N66_Pound Shaper_031717.zip
83896W66;83896W66_Pound Shaper_031641.zip
83897M66;83897M66_Pound Shaper_031734.zip
83897N66;83897N66_Pound Shaper_031845.zip
83897W66;83897W66_Pound Shaper_031809.zip
83898M66;83898M66_Pound Shaper_031751.zip
83898N66;83898N66_Pound Shaper_031903.zip
83898W66;83898W66_Pound Shaper_031827.zip
83899M66;83899M66_Pound Shaper_032626.zip
83899N66;83899N66_Pound Shaper_032737.zip
83899W66;83899W66_Pound Shaper_032701.zip
83900M66;83900M66_Pound Shaper_032643.zip
83900N66;83900N66_Pound Shaper_032755.zip
83900W66;83900W66_Pound Shaper_032719.zip
83901M66;83901M66_Pound Shaper_032813.zip
83901N66;83901N66_Pound Shaper_032924.zip
83901W66;83901W66_Pound Shaper_032849.zip
83902M66;83902M66_Pound Shaper_032831.zip
83902N66;83902N66_Pound Shaper_032942.zip
83902W66;83902W66_Pound Shaper_032907.zip
95049N00;95049N00_Edith Modular Ceiling Standard_011837.zip
95049W00;95049W00_Edith Modular Ceiling Standard_011820.zip
95724N00;95724N00_Edith Modular Ceiling Standard_011930.zip
95724W00;95724W00_Edith Modular Ceiling Standard_011855.zip
95725N00;95725N00_Edith Modular Ceiling Standard_012638.zip
95725W00;95725W00_Edith Modular Ceiling Standard_012602.zip
95726W00;95726W00_Edith Modular Ceiling Standard_011804.zip
95727W00;95727W00_Edith Modular Ceiling Standard_011912.zip
95728W00;95728W00_Edith Modular Ceiling Standard_012620.zip
95729N00;95729N00_Edith Modular Ceiling Comfort_011311.zip
95729W00;95729W00_Edith Modular Ceiling Comfort_011254.zip
95736W00;95736W00_Edith Modular Ceiling Comfort_011236.zip
95739N00;95739N00_Edith Modular Protection_013113.zip
95739W00;95739W00_Edith Modular Protection_013038.zip
95740N00;95740N00_Edith Modular Protection_013206.zip
95740W00;95740W00_Edith Modular Protection_013129.zip
95741W00;95741W00_Edith Modular Protection_013055.zip
95742W00;95742W00_Edith Modular Protection_013148.zip
96357N00;96357N00_Edith Surface Standard_014625.zip
96357W00;96357W00_Edith Surface Standard_014548.zip
96413W00;96413W00_Edith Modular Ceiling Standard_012057.zip
96414W00;96414W00_Edith Modular Ceiling Standard_012150.zip
96415W00;96415W00_Edith Modular Ceiling Comfort_011345.zip
96417N00;96417N00_Edith Modular Protection_012833.zip
96417W00;96417W00_Edith Modular Protection_012757.zip
96418N00;96418N00_Edith Modular Protection_012927.zip
96418W00;96418W00_Edith Modular Protection_012909.zip
96421N00;96421N00_Edith Modular Ceiling Standard_012115.zip
96421W00;96421W00_Edith Modular Ceiling Standard_012040.zip
96422N00;96422N00_Edith Modular Ceiling Standard_012208.zip
96422W00;96422W00_Edith Modular Ceiling Standard_012132.zip
96423N00;96423N00_Edith Modular Ceiling Comfort_011403.zip
96423W00;96423W00_Edith Modular Ceiling Comfort_011328.zip
96425W00;96425W00_Edith Modular Protection_012815.zip
96426W00;96426W00_Edith Modular Protection_012851.zip
96461N00;96461N00_Edith Modular Ceiling Standard_012302.zip
96461W00;96461W00_Edith Modular Ceiling Standard_012225.zip
96462N00;96462N00_Edith Modular Ceiling Standard_011746.zip
96462W00;96462W00_Edith Modular Ceiling Standard_011729.zip
96466W00;96466W00_Edith Surface Standard_014607.zip
96471N00;96471N00_Edith Surface Standard_014531.zip
96471W00;96471W00_Edith Surface Standard_014514.zip
96472W00;96472W00_Edith Surface Standard_014456.zip
96473N00;96473N00_Edith Surface Comfort_014059.zip
96473W00;96473W00_Edith Surface Comfort_014023.zip
96474W00;96474W00_Edith Surface Comfort_014041.zip
96475N00;96475N00_Edith Modular Ceiling Standard_011559.zip
96475W00;96475W00_Edith Modular Ceiling Standard_011522.zip
96476W00;96476W00_Edith Modular Ceiling Standard_011541.zip
96477N00;96477N00_Edith Modular Ceiling Comfort_011031.zip
96477W00;96477W00_Edith Modular Ceiling Comfort_010955.zip
96478W00;96478W00_Edith Modular Ceiling Comfort_011013.zip
96479N00;96479N00_Edith Surface Standard_014253.zip
96479W00;96479W00_Edith Surface Standard_014218.zip
96480W00;96480W00_Edith Surface Standard_014236.zip
96481W00;96481W00_Edith Surface Comfort_013948.zip
96490N00;96490N00_Edith Surface Comfort_013821.zip
96490W00;96490W00_Edith Surface Comfort_013745.zip
96491W00;96491W00_Edith Surface Comfort_013803.zip
96493W00;96493W00_Edith Modular Ceiling Standard_011711.zip
96494N00;96494N00_Edith Modular Ceiling Comfort_011218.zip
96494W00;96494W00_Edith Modular Ceiling Comfort_011142.zip
96495W00;96495W00_Edith Modular Ceiling Comfort_011200.zip
96500N00;96500N00_Edith Surface Standard_014437.zip
96500W00;96500W00_Edith Surface Standard_014402.zip
96501W00;96501W00_Edith Surface Standard_014420.zip
96502N00;96502N00_Edith Surface Comfort_014005.zip
96502W00;96502W00_Edith Surface Comfort_013931.zip
96512N00;96512N00_Edith Modular Protection_013259.zip
96512W00;96512W00_Edith Modular Protection_013242.zip
96513W00;96513W00_Edith Modular Protection_013224.zip
96514N00;96514N00_Edith Modular Protection_013021.zip
96514W00;96514W00_Edith Modular Protection_012945.zip
96515W00;96515W00_Edith Modular Protection_013002.zip
96516N00;96516N00_Edith Modular Ceiling Standard_012450.zip
96516W00;96516W00_Edith Modular Ceiling Standard_012413.zip
96517N00;96517N00_Edith Modular Ceiling Standard_012543.zip
96517W00;96517W00_Edith Modular Ceiling Standard_012507.zip
96518W00;96518W00_Edith Modular Ceiling Standard_012431.zip
96535N00;96535N00_Edith Recessed Standard_013630.zip
96535W00;96535W00_Edith Recessed Standard_013554.zip
96536W00;96536W00_Edith Recessed Standard_013612.zip
96537N00;96537N00_Edith Recessed Comfort_013438.zip
96537W00;96537W00_Edith Recessed Comfort_013403.zip
96538W00;96538W00_Edith Recessed Comfort_013420.zip
96547N00;96547N00_Edith Modular Ceiling Standard_012023.zip
96547W00;96547W00_Edith Modular Ceiling Standard_011948.zip
96548W00;96548W00_Edith Modular Ceiling Standard_012006.zip
96563W00;96563W00_Edith Modular Ceiling Standard_012526.zip
96568N00;96568N00_Edith Surface Standard_014717.zip
96568W00;96568W00_Edith Surface Standard_014643.zip
96569N00;96569N00_Edith Surface Standard_014810.zip
96569W00;96569W00_Edith Surface Standard_014735.zip
96570W00;96570W00_Edith Surface Standard_014700.zip
96571W00;96571W00_Edith Surface Standard_014752.zip
96572N00;96572N00_Edith Surface Comfort_014152.zip
96572W00;96572W00_Edith Surface Comfort_014117.zip
96574W00;96574W00_Edith Surface Comfort_014134.zip
96593N00;96593N00_Edith Modular Ceiling Standard_012355.zip
96593W00;96593W00_Edith Modular Ceiling Standard_012337.zip
96594N00;96594N00_Edith Modular Ceiling Standard_012730.zip
96594W00;96594W00_Edith Modular Ceiling Standard_012713.zip
96595W00;96595W00_Edith Modular Ceiling Standard_012320.zip
96596N00;96596N00_Edith Modular Ceiling Comfort_011455.zip
96596W00;96596W00_Edith Modular Ceiling Comfort_011420.zip
96598W00;96598W00_Edith Modular Ceiling Comfort_011437.zip
96611W00;96611W00_Edith Modular Ceiling Standard_012656.zip
96726W00;96726W00_Edith Modular Ceiling Standard_012244.zip
97341N00;97341N00_Edith Modular Ceiling Standard_011653.zip
97341W00;97341W00_Edith Modular Ceiling Standard_011635.zip
97342W00;97342W00_Edith Modular Ceiling Standard_011617.zip
97343N00;97343N00_Edith Modular Ceiling Comfort_011125.zip
97343W00;97343W00_Edith Modular Ceiling Comfort_011107.zip
97344W00;97344W00_Edith Modular Ceiling Comfort_011049.zip
97345N00;97345N00_Edith Surface Standard_014345.zip
97345W00;97345W00_Edith Surface Standard_014328.zip
97346W00;97346W00_Edith Surface Standard_014311.zip
97347N00;97347N00_Edith Surface Comfort_013913.zip
97347W00;97347W00_Edith Surface Comfort_013855.zip
97348W00;97348W00_Edith Surface Comfort_013838.zip
97349N00;97349N00_Edith Recessed Standard_013721.zip
97349W00;97349W00_Edith Recessed Standard_013704.zip
97350W00;97350W00_Edith Recessed Standard_013647.zip
97351N00;97351N00_Edith Recessed Comfort_013531.zip
97351W00;97351W00_Edith Recessed Comfort_013513.zip
97352W00;97352W00_Edith Recessed Comfort_013455.zip
97850N00;97850N00_Edith Full-light Comfort_010722.zip
97850W00;97850W00_Edith Full-light Comfort_010628.zip
97851N00;97851N00_Edith Full-light Comfort_010739.zip
97851W00;97851W00_Edith Full-light Comfort_010645.zip
97852W00;97852W00_Edith Full-light Comfort_010703.zip
97853W00;97853W00_Edith Full-light Comfort_010610.zip
97854N00;97854N00_Edith Full-light Standard_010913.zip
97854W00;97854W00_Edith Full-light Standard_010820.zip
97855N00;97855N00_Edith Full-light Standard_010930.zip
97855W00;97855W00_Edith Full-light Standard_010837.zip
97856W00;97856W00_Edith Full-light Standard_010803.zip
97857W00;97857W00_Edith Full-light Standard_010855.zip
